{"cameraMode":{"drawMode":0,"name":"Shaded","section":"Shading Mode"},"sceneLighting":true,"audioPlay":false,"sceneViewState":{"m_AlwaysRefresh":false,"showFog":true,"showSkybox":true,"showFlares":true,"showImageEffects":true,"showParticleSystems":true,"showVisualEffectGraphs":true,"m_FxEnabled":true},"in2DMode":false,"pivot":{"x":4.3339128494262699,"y":5.717678070068359,"z":6.231512069702148},"rotation":{"x":0.01968924142420292,"y":-0.9465211629867554,"z":0.31662121415138247,"w":0.058860789984464648},"size":12.669951438903809,"orthographic":false}